{"cameraMode":{"drawMode":0,"name":"Shaded","section":"Shading Mode"},"sceneLighting":true,"audioPlay":false,"sceneViewState":{"showFog":true,"showMaterialUpdate":true,"showSkybox":true,"showFlares":true,"showImageEffects":true,"showParticleSystems":true},"in2DMode":false,"pivot":{"x":23.322860717773439,"y":-0.0675654411315918,"z":-21.646596908569337},"rotation":{"x":0.18351022899150849,"y":0.7424102425575256,"z":-0.22568351030349732,"w":0.6035048365592957},"size":64.99867248535156,"orthographic":false}