{"cameraMode":{"drawMode":0,"name":"Shaded","section":"Shading Mode"},"sceneLighting":false,"audioPlay":false,"sceneViewState":{"showFog":true,"showMaterialUpdate":false,"showSkybox":false,"showFlares":true,"showImageEffects":true,"showParticleSystems":true},"in2DMode":false,"pivot":{"x":0.3930000066757202,"y":1.2330000400543213,"z":-0.768021821975708},"rotation":{"x":0.019465580582618715,"y":-0.4331901967525482,"z":0.009358387440443039,"w":0.901043713092804},"size":0.7144709229469299,"orthographic":false}