{"cameraMode":{"drawMode":0,"name":"Shaded","section":"Shading Mode"},"sceneLighting":false,"audioPlay":false,"sceneViewState":{"showFog":false,"showMaterialUpdate":false,"showSkybox":false,"showFlares":false,"showImageEffects":false,"showParticleSystems":false},"in2DMode":false,"pivot":{"x":-3.704772472381592,"y":2.4700002670288088,"z":-6.660000324249268},"rotation":{"x":-0.064963698387146,"y":-0.6761341691017151,"z":0.06005103141069412,"w":-0.7314480543136597},"size":2.8578836917877199,"orthographic":true}