{"cameraMode":{"drawMode":0,"name":"Shaded","section":"Shading Mode"},"sceneLighting":true,"audioPlay":false,"sceneViewState":{"showFog":false,"showMaterialUpdate":false,"showSkybox":false,"showFlares":false,"showImageEffects":false,"showParticleSystems":false},"in2DMode":false,"pivot":{"x":-0.6595157980918884,"y":6.690045356750488,"z":-7.535630226135254},"rotation":{"x":-0.3210509419441223,"y":-0.5742007493972778,"z":0.2057390809059143,"w":-0.7244938015937805},"size":57.84410095214844,"orthographic":true}