{"cameraMode":{"drawMode":0,"name":"Shaded","section":"Shading Mode"},"sceneLighting":true,"audioPlay":false,"sceneViewState":{"showFog":true,"showMaterialUpdate":false,"showSkybox":true,"showFlares":true,"showImageEffects":true,"showParticleSystems":true},"in2DMode":false,"pivot":{"x":-39.81049728393555,"y":6.622597694396973,"z":-10.979999542236329},"rotation":{"x":-0.061692919582128528,"y":0.13461609184741975,"z":-0.008392282761633397,"w":-0.9889398813247681},"size":1.1732509136199952,"orthographic":false}