{"cameraMode":{"drawMode":0,"name":"Shaded","section":"Shading Mode"},"sceneLighting":false,"audioPlay":false,"sceneViewState":{"showFog":true,"showMaterialUpdate":false,"showSkybox":false,"showFlares":true,"showImageEffects":true,"showParticleSystems":true},"in2DMode":false,"pivot":{"x":0.000003814697265625,"y":7.770721435546875,"z":0.0},"rotation":{"x":0.07459904998540878,"y":0.05434245988726616,"z":-0.004091080743819475,"w":0.9957234859466553},"size":72.66551208496094,"orthographic":false}