{"cameraMode":{"drawMode":0,"name":"Shaded","section":"Shading Mode"},"sceneLighting":false,"audioPlay":false,"sceneViewState":{"showFog":false,"showMaterialUpdate":false,"showSkybox":false,"showFlares":false,"showImageEffects":false,"showParticleSystems":false},"in2DMode":false,"pivot":{"x":-62.977691650390628,"y":15.908956527709961,"z":-7.873228073120117},"rotation":{"x":0.11379790306091309,"y":-0.02561691217124462,"z":0.0029326363001018764,"w":0.9931693077087402},"size":336.00311279296877,"orthographic":true}