{"cameraMode":{"drawMode":0,"name":"Shaded","section":"Shading Mode"},"sceneLighting":false,"audioPlay":false,"sceneViewState":{"showFog":true,"showMaterialUpdate":false,"showSkybox":false,"showFlares":true,"showImageEffects":true,"showParticleSystems":true},"in2DMode":false,"pivot":{"x":-0.007499992847442627,"y":2.133169651031494,"z":0.7059999704360962},"rotation":{"x":0.015206833370029927,"y":0.9841720461845398,"z":-0.10600991547107697,"w":0.14119496941566468},"size":4.955751419067383,"orthographic":false}