{"cameraMode":{"drawMode":0,"name":"Shaded","section":"Shading Mode"},"sceneLighting":true,"audioPlay":false,"sceneViewState":{"showFog":true,"showMaterialUpdate":false,"showSkybox":true,"showFlares":true,"showImageEffects":true,"showParticleSystems":true},"in2DMode":false,"pivot":{"x":-0.1823299378156662,"y":0.4021621346473694,"z":0.40401458740234377},"rotation":{"x":0.0006452800007537007,"y":0.9965460896492004,"z":-0.007782492320984602,"w":0.08270397782325745},"size":7.548959255218506,"orthographic":false}