{"cameraMode":{"drawMode":0,"name":"Shaded","section":"Shading Mode"},"sceneLighting":true,"audioPlay":false,"sceneViewState":{"showFog":true,"showMaterialUpdate":false,"showSkybox":true,"showFlares":true,"showImageEffects":true,"showParticleSystems":true},"in2DMode":false,"pivot":{"x":-32.20128631591797,"y":12.881000518798829,"z":-14.933345794677735},"rotation":{"x":-0.17920450866222382,"y":0.45920297503471377,"z":-0.09514299035072327,"w":-0.8648746013641357},"size":11.111494064331055,"orthographic":false}